{"0":{"title":"Sample Zoom Webinar Registration Form","description":"This form contains all of the required and optional form fields for Zoom Registration.","labelPlacement":"top_label","descriptionPlacement":"below","button":{"type":"text","text":"Submit","imageUrl":""},"fields":[{"type":"name","id":1,"label":"Name","adminLabel":"","isRequired":true,"size":"medium","errorMessage":"","visibility":"visible","nameFormat":"advanced","inputs":[{"id":"1.2","label":"Prefix","name":"","choices":[{"text":"Mr.","value":"Mr.","isSelected":false,"price":""},{"text":"Mrs.","value":"Mrs.","isSelected":false,"price":""},{"text":"Miss","value":"Miss","isSelected":false,"price":""},{"text":"Ms.","value":"Ms.","isSelected":false,"price":""},{"text":"Dr.","value":"Dr.","isSelected":false,"price":""},{"text":"Prof.","value":"Prof.","isSelected":false,"price":""},{"text":"Rev.","value":"Rev.","isSelected":false,"price":""}],"isHidden":true,"inputType":"radio"},{"id":"1.3","label":"First","name":""},{"id":"1.4","label":"Middle","name":"","isHidden":true},{"id":"1.6","label":"Last","name":""},{"id":"1.8","label":"Suffix","name":"","isHidden":true}],"formId":1,"description":"","allowsPrepopulate":false,"inputMask":false,"inputMaskValue":"","inputMaskIsCustom":false,"maxLength":"","inputType":"","labelPlacement":"","descriptionPlacement":"","subLabelPlacement":"","placeholder":"","cssClass":"","inputName":"","noDuplicates":false,"defaultValue":"","choices":"","conditionalLogic":"","productField":"","fields":"","displayOnly":"","multipleFiles":false,"maxFiles":"","calculationFormula":"","calculationRounding":"","enableCalculation":"","disableQuantity":false,"displayAllCategories":false,"useRichTextEditor":false},{"type":"email","id":2,"label":"Email","adminLabel":"","isRequired":true,"size":"medium","errorMessage":"","visibility":"visible","inputs":null,"formId":1,"description":"","allowsPrepopulate":false,"inputMask":false,"inputMaskValue":"","inputMaskIsCustom":false,"maxLength":"","inputType":"","labelPlacement":"","descriptionPlacement":"","subLabelPlacement":"","placeholder":"","cssClass":"","inputName":"","noDuplicates":false,"defaultValue":"","choices":"","conditionalLogic":"","productField":"","emailConfirmEnabled":"","fields":"","displayOnly":"","multipleFiles":false,"maxFiles":"","calculationFormula":"","calculationRounding":"","enableCalculation":"","disableQuantity":false,"displayAllCategories":false,"useRichTextEditor":false},{"type":"address","id":3,"label":"Address","adminLabel":"","isRequired":false,"size":"medium","errorMessage":"","visibility":"visible","addressType":"international","inputs":[{"id":"3.1","label":"Street Address","name":""},{"id":"3.2","label":"Address Line 2","name":""},{"id":"3.3","label":"City","name":""},{"id":"3.4","label":"State \/ Province","name":""},{"id":"3.5","label":"ZIP \/ Postal Code","name":""},{"id":"3.6","label":"Country","name":""}],"formId":1,"description":"","allowsPrepopulate":false,"inputMask":false,"inputMaskValue":"","inputMaskIsCustom":"","maxLength":"","inputType":"","labelPlacement":"","descriptionPlacement":"","subLabelPlacement":"","placeholder":"","cssClass":"","inputName":"","noDuplicates":false,"defaultValue":"","choices":"","conditionalLogic":"","defaultCountry":"","defaultProvince":"","productField":"","hideCountry":"","defaultState":"","hideState":"","hideAddress2":"","enableCopyValuesOption":"","copyValuesOptionDefault":"","copyValuesOptionLabel":"","fields":"","displayOnly":""},{"type":"phone","id":4,"label":"Phone","adminLabel":"","isRequired":false,"size":"medium","errorMessage":"","visibility":"visible","inputs":null,"phoneFormat":"standard","formId":1,"description":"","allowsPrepopulate":false,"inputMask":false,"inputMaskValue":"","inputMaskIsCustom":"","maxLength":"","inputType":"","labelPlacement":"","descriptionPlacement":"","subLabelPlacement":"","placeholder":"","cssClass":"","inputName":"","noDuplicates":false,"defaultValue":"","choices":"","conditionalLogic":"","productField":"","fields":"","displayOnly":""},{"type":"text","id":5,"label":"Industry","adminLabel":"","isRequired":false,"size":"medium","errorMessage":"","visibility":"visible","inputs":null,"formId":1,"description":"","allowsPrepopulate":false,"inputMask":false,"inputMaskValue":"","inputMaskIsCustom":false,"maxLength":"","inputType":"","labelPlacement":"","descriptionPlacement":"","subLabelPlacement":"","placeholder":"","cssClass":"","inputName":"","noDuplicates":false,"defaultValue":"","choices":"","conditionalLogic":"","productField":"","enablePasswordInput":"","multipleFiles":false,"maxFiles":"","calculationFormula":"","calculationRounding":"","enableCalculation":"","disableQuantity":false,"displayAllCategories":false,"useRichTextEditor":false,"fields":"","displayOnly":""},{"type":"text","id":6,"label":"Organization","adminLabel":"","isRequired":false,"size":"medium","errorMessage":"","visibility":"visible","inputs":null,"formId":1,"description":"","allowsPrepopulate":false,"inputMask":false,"inputMaskValue":"","inputMaskIsCustom":false,"maxLength":"","inputType":"","labelPlacement":"","descriptionPlacement":"","subLabelPlacement":"","placeholder":"","cssClass":"","inputName":"","noDuplicates":false,"defaultValue":"","choices":"","conditionalLogic":"","productField":"","enablePasswordInput":"","multipleFiles":false,"maxFiles":"","calculationFormula":"","calculationRounding":"","enableCalculation":"","disableQuantity":false,"displayAllCategories":false,"useRichTextEditor":false,"fields":"","displayOnly":""},{"type":"text","id":7,"label":"Job Title","adminLabel":"","isRequired":false,"size":"medium","errorMessage":"","visibility":"visible","inputs":null,"formId":1,"description":"","allowsPrepopulate":false,"inputMask":false,"inputMaskValue":"","inputMaskIsCustom":false,"maxLength":"","inputType":"","labelPlacement":"","descriptionPlacement":"","subLabelPlacement":"","placeholder":"","cssClass":"","inputName":"","noDuplicates":false,"defaultValue":"","choices":"","conditionalLogic":"","productField":"","enablePasswordInput":"","multipleFiles":false,"maxFiles":"","calculationFormula":"","calculationRounding":"","enableCalculation":"","disableQuantity":false,"displayAllCategories":false,"useRichTextEditor":false,"fields":"","displayOnly":""},{"type":"select","id":8,"label":"Purchase Time Frame","adminLabel":"","isRequired":false,"size":"medium","errorMessage":"","visibility":"visible","inputs":null,"choices":[{"text":"Within a month","value":"Within a month","isSelected":false,"price":""},{"text":"1-3 months","value":"1-3 months","isSelected":false,"price":""},{"text":"4-6 months","value":"4-6 months","isSelected":false,"price":""},{"text":"More than 6 months","value":"More than 6 months","isSelected":false,"price":""},{"text":"No timeframe","value":"No timeframe","isSelected":false,"price":""}],"formId":1,"description":"","allowsPrepopulate":false,"inputMask":false,"inputMaskValue":"","inputMaskIsCustom":false,"maxLength":"","inputType":"","labelPlacement":"","descriptionPlacement":"","subLabelPlacement":"","placeholder":"","cssClass":"","inputName":"","noDuplicates":false,"defaultValue":"","conditionalLogic":"","productField":"","enablePrice":"","multipleFiles":false,"maxFiles":"","calculationFormula":"","calculationRounding":"","enableCalculation":"","disableQuantity":false,"displayAllCategories":false,"useRichTextEditor":false,"fields":"","displayOnly":""},{"type":"select","id":9,"label":"Role in Purchase","adminLabel":"","isRequired":false,"size":"medium","errorMessage":"","visibility":"visible","inputs":null,"choices":[{"text":"Decision Maker","value":"Decision Maker","isSelected":false,"price":""},{"text":"Evaluator\/Recommender","value":"Evaluator\/Recommender","isSelected":false,"price":""},{"text":"Influencer","value":"Influencer","isSelected":false,"price":""},{"text":"Not involved","value":"Not involved","isSelected":false,"price":""}],"formId":1,"description":"","allowsPrepopulate":false,"inputMask":false,"inputMaskValue":"","inputMaskIsCustom":false,"maxLength":"","inputType":"","labelPlacement":"","descriptionPlacement":"","subLabelPlacement":"","placeholder":"","cssClass":"","inputName":"","noDuplicates":false,"defaultValue":"","conditionalLogic":"","productField":"","enablePrice":"","multipleFiles":false,"maxFiles":"","calculationFormula":"","calculationRounding":"","enableCalculation":"","disableQuantity":false,"displayAllCategories":false,"useRichTextEditor":false,"fields":"","displayOnly":""},{"type":"select","id":10,"label":"Number of Employees","adminLabel":"","isRequired":false,"size":"medium","errorMessage":"","visibility":"visible","inputs":null,"choices":[{"text":"1-20","value":"1-20","isSelected":false,"price":""},{"text":"21-50","value":"21-50","isSelected":false,"price":""},{"text":"51-100","value":"51-100","isSelected":false,"price":""},{"text":"101-500","value":"101-500","isSelected":false,"price":""},{"text":"500-1,000","value":"500-1,000","isSelected":false,"price":""},{"text":"1,001-5,000","value":"1,001-5,000","isSelected":false,"price":""},{"text":"5,001-10,000","value":"5,001-10,000","isSelected":false,"price":""},{"text":"More than 10,000","value":"More than 10,000","isSelected":false,"price":""}],"formId":1,"description":"","allowsPrepopulate":false,"inputMask":false,"inputMaskValue":"","inputMaskIsCustom":false,"maxLength":"","inputType":"","labelPlacement":"","descriptionPlacement":"","subLabelPlacement":"","placeholder":"","cssClass":"","inputName":"","noDuplicates":false,"defaultValue":"","conditionalLogic":"","productField":"","enablePrice":"","multipleFiles":false,"maxFiles":"","calculationFormula":"","calculationRounding":"","enableCalculation":"","disableQuantity":false,"displayAllCategories":false,"useRichTextEditor":false,"fields":"","displayOnly":""},{"type":"textarea","id":11,"label":"Comments","adminLabel":"","isRequired":false,"size":"medium","errorMessage":"","visibility":"visible","inputs":null,"formId":1,"description":"","allowsPrepopulate":false,"inputMask":false,"inputMaskValue":"","inputMaskIsCustom":false,"maxLength":"","inputType":"","labelPlacement":"","descriptionPlacement":"","subLabelPlacement":"","placeholder":"","cssClass":"","inputName":"","noDuplicates":false,"defaultValue":"","choices":"","conditionalLogic":"","productField":"","form_id":"","useRichTextEditor":false,"multipleFiles":false,"maxFiles":"","calculationFormula":"","calculationRounding":"","enableCalculation":"","disableQuantity":false,"displayAllCategories":false,"fields":"","displayOnly":""}],"version":"2.4.17.17","id":1,"nextFieldId":12,"useCurrentUserAsAuthor":true,"postContentTemplateEnabled":false,"postTitleTemplateEnabled":false,"postTitleTemplate":"","postContentTemplate":"","lastPageButton":null,"pagination":null,"firstPageCssClass":null,"confirmations":[{"id":"5e7cd7be94068","name":"Default Confirmation","isDefault":true,"type":"message","message":"Thanks for contacting us! We will get in touch with you shortly.","url":"","pageId":"","queryString":""}],"notifications":[{"id":"5e7cd7be93b19","isActive":true,"to":"{admin_email}","name":"Admin Notification","event":"form_submission","toType":"email","subject":"New submission from {form_title}","message":"{all_fields}"}]},"version":"2.4.17.17"}